leagueId,queueType,tier,rank,summonerId,summonerName,leaguePoints,wins,losses,veteran,inactive,freshBlood,hotStreak,puuid
61279367-76f2-34fe-aa72-386a19a90053,RANKED_SOLO_5x5,CHALLENGER,I,oMe8xpXahTZEVIElT6SN80BTa2UPkvWs3-gbleXZ8wx7Ox0,frosty,1908,214,151,True,False,False,False,dobcFjMdScI2VsSaqr8SIIc-4gLafx-qmdEwP45Qm-hOPkVIhEP7Wwvq9rNFxZ9NZyNSoA1Xo0qoAQ
61279367-76f2-34fe-aa72-386a19a90053,RANKED_SOLO_5x5,CHALLENGER,I,iWs_XHNMQHNf0ofFqWOiirYcxh1r90yVgZZ1IDw_dH8sj-i_pkLQEg4I0g,FURIA Ayu,1906,149,95,True,False,False,False,IzjFQWI5jxL8gV_hY6mJ2KGPIpYGTmwtu67B-FPNsLFw5R0bPf5iwohdgRioveL3F__1bOTgALy00A
61279367-76f2-34fe-aa72-386a19a90053,RANKED_SOLO_5x5,CHALLENGER,I,1IHjZOFkFSBMwBzKnrzfIUKK74RuoPg4SiRIfNurHId4Re0,Hugatin,1736,141,92,True,False,False,False,rjZxZQEkXegwcdkuqQ8bqdb67U-AILObjLaEwUicnGVLmI2Ppp7kLNXO4Y7446L5eIS5k9IeG7s3yw
61279367-76f2-34fe-aa72-386a19a90053,RANKED_SOLO_5x5,CHALLENGER,I,XfCU7vQVC3EE8LN-vOiVqVJUBqYYyzVcg7sfj9L8UAGWz3k,Tutsz,1721,213,165,True,False,False,False,Q6H4ALKdhPtAuY5mbYnb8sGJH3cs5SL3_ayZNnqVS5OT_MRteqo2P3bCGv8KX6gBh7c08sm1_r2dCQ
61279367-76f2-34fe-aa72-386a19a90053,RANKED_SOLO_5x5,CHALLENGER,I,1gBJyh-HulsRlX8wy3GnqFJB8bH5bAknq9rVSJpZ2pES7ZVVUHTSW5OKuA,Bvoy3,1640,142,85,True,False,False,False,pYfSgpPZ-aWEgVwoqT6SViee40u0Mw9Uz4Sg0M0SY8O3JdYIfCJcUa3bYb2ZvYB5nfKHHOZxT9MXgA
61279367-76f2-34fe-aa72-386a19a90053,RANKED_SOLO_5x5,CHALLENGER,I,FFaiOj12ma3a6RGPxO2u6BJfR1w03R1Mst6A3vTmi0nWLQ,RED Morttheus,1612,189,147,True,False,False,False,6WPik2mVbEO5PKTtBIb8YtTs7S2cTZCbSjv4Awc30vxvq1Rd7N-FIE8cigmI5noNj9ASBMgYFHCfTw
61279367-76f2-34fe-aa72-386a19a90053,RANKED_SOLO_5x5,CHALLENGER,I,9OstOpBEhBWHhXt0pZFzfmTCxd-obePr0wepZ5dKxaSs,TitaN,1530,189,142,True,False,False,False,Yaqf3VZHn0L7lL5BEHjHRkWl7kR5zEAZQGbwMC8jl6qCMBkjfnZypbPGH-S72o5oiNGzvA-cQvZB7Q
61279367-76f2-34fe-aa72-386a19a90053,RANKED_SOLO_5x5,CHALLENGER,I,RXIVtZ9UE-M3DWGHbDF9MW4rm4v_ERKgwGx37QfHE6ZR2A,fu09nfn8yu0f0e,1524,204,143,True,False,False,False,8Trqxbm6QqrH4bfusEhLv773ObWfj284_OR0-3T5uOZjZ7sSJB3j2y74lFHAv_f6f8rbUMRnYSPHfA
61279367-76f2-34fe-aa72-386a19a90053,RANKED_SOLO_5x5,CHALLENGER,I,hh2qSzNblGXKZcqLATzMLiPx3f10zjl8KY1pgNE0QdWpAu0,scuro,1506,223,185,True,False,False,False,eVewsT5xIoG4nhN73CzNbtq3mkORhsKQ8paLtyyB2LH9KN5lGskpe_4mHi-EZ7yzBlIsUd-1EpMN2A
61279367-76f2-34fe-aa72-386a19a90053,RANKED_SOLO_5x5,CHALLENGER,I,fkr22dIySBk1-a58THpziiETytLNb8aWF2rUT1fLR9ZlaII,ASTROTHUNDER8,1506,137,90,True,False,False,False,IrZzGazd7VyZLNi5h8vX99Z6cxlg4zQM-nB-17Ap51uzEAYySBj1LeM1tsln42p7rhgs3K5D4yCYEQ
61279367-76f2-34fe-aa72-386a19a90053,RANKED_SOLO_5x5,CHALLENGER,I,QHNuPOW0IkEptoE-vHoTxo5U24SjlhTvNPU4JJo7lDOatQ,ProDelta,1490,219,175,True,False,False,False,RDNIQoO2R4EI_crEmuCdT0TY7ZmR8vs16iopNN4Go-cBYW0Oj-NGeTDhlMRW79_ysSpjsGuJRFaPMA
61279367-76f2-34fe-aa72-386a19a90053,RANKED_SOLO_5x5,CHALLENGER,I,1xBNyCZiavc0O68yHSq4evTw6W9s86DvH9_mBgYJTh9GVQ,LOUD Ceos,1484,182,140,True,False,False,True,dVXe7ReaLu_h2wKxpCd49fAuBP_CgkYMNi20rS7Ft4Gj-2_o8Zys8kAbXN7DFz_KneQx9jEbeo_VqA
61279367-76f2-34fe-aa72-386a19a90053,RANKED_SOLO_5x5,CHALLENGER,I,lCBwFrRXWS-iNlmpJCm_mt2vHFCTfANZt6qmorZqgsKMRsbXjn-EJIBdkA,sigma bean,1472,184,137,True,False,False,False,7odYLbcBkdxF3puQgE8DJZ7z9Aoo1JMv2yflMP1MJx1SFVy6r160ll5n6-qSiDOQHy5O0me1YU4gbQ
61279367-76f2-34fe-aa72-386a19a90053,RANKED_SOLO_5x5,CHALLENGER,I,x3XoyEnt39NZ6Lk3RhSoArdxD52FuZHqznBpRWMCIx0M,Grevthar,1453,258,224,False,False,False,False,BDeLiLt-2fM41qPt4Hc0TYelFOoJyoGMIKPCAwm1B0bKMZAC37tXDZxTozaba9xsD4X7dW0Z37Bp-Q
61279367-76f2-34fe-aa72-386a19a90053,RANKED_SOLO_5x5,CHALLENGER,I,OJDYM5XAyXJ6PCFyFZOlVfimfgfRjmJ7_-wXu-I_UbAa5g,is me bro,1438,313,273,True,False,False,False,wFkeLpnq7vX1sSMi3SHmI4yRj2EKagLoKC2gvnukwSPWBPYCidHCPl7Krz7E1Hd9VHTebLRL7_NUoA
61279367-76f2-34fe-aa72-386a19a90053,RANKED_SOLO_5x5,CHALLENGER,I,l5jK7akJ5clZfIkfcS6ctG7uE6F0RzcnnqYQuWUL7q0u,tatu top1,1415,222,188,True,False,False,False,sTS58_Qze6QIC6CNSGXZNLAoA8gxeOzUboENp4oQHKCW7aAV8tW65mhSizve0_ctaCUeVjsRwvMvig
61279367-76f2-34fe-aa72-386a19a90053,RANKED_SOLO_5x5,CHALLENGER,I,OT_cppfDhuX7llmixoS5boREtJQy8QvdBnq6hUAFwK1RIRi7IXwOeYiQmg,fengxian,1410,169,126,True,False,False,False,wnA6-8mfvRwt80_gAD-XrSxcQjaOGNEu9uazRvyw_foK7ryG-cO2XLFxUFzUHFnmzlRQ7nddOyDRdw
61279367-76f2-34fe-aa72-386a19a90053,RANKED_SOLO_5x5,CHALLENGER,I,VXFsGiuEL36v8gZi7fMiYDo38WNcIRD477v8GPBnL_4sM_g,LBR Drakehero,1397,418,375,True,False,False,False,T2Us_G-5Wh9-sBcE4k5XQrGwfo3SGVhs1tkqzfRaj1yjnn4My29hI7wTdGRHRVaohh6KdPUhHjRBRQ
61279367-76f2-34fe-aa72-386a19a90053,RANKED_SOLO_5x5,CHALLENGER,I,ETTjPk6p-djbrF6YI846bpGnrV6TFX36UnlH__bG8ojr27mQd12Oc64T9Q,Couto BOBMARLEY,1382,160,116,True,False,False,False,Hfrv1qAZFl5BE6dmatxvRvU3kBEPjCZC0DEM93ZL9Kl28vMOPd-5YBV4q_ly6UHvMQYTZIgXjp3zYw
61279367-76f2-34fe-aa72-386a19a90053,RANKED_SOLO_5x5,CHALLENGER,I,gl74K4LDbKp6x70WdMGxmZwam7bld4P5XigNjlrA1P_VPmL-2v803za1DQ,jkkjki,1364,441,400,True,False,False,False,lrmWKIM5hTMK71WWdyfxCUfIeG3lUSGNbMSjEOlClLHO8ChujvhPsmT6iNwY3Z5f-YwIKsk4cg1Blw
61279367-76f2-34fe-aa72-386a19a90053,RANKED_SOLO_5x5,CHALLENGER,I,O5M_Q6J7S9EfMy6jFt43sThpUpUNwIAU7Hwj4yLqHC-BMg,ninjakiwi123,1364,222,181,True,False,False,False,XnOpbFVWhmkPRSJqmb-J9i5k19w9PEZ1oTedXs6mVEEj732JapEaIxhEkaPLOHaR-NldSbPn0BCnNQ
61279367-76f2-34fe-aa72-386a19a90053,RANKED_SOLO_5x5,CHALLENGER,I,GTO-an_5qNO-Rynm7jLtVWJsOPgxY_AaOigdQsBgawnH,breathe ayel,1363,493,458,False,False,False,False,snEdjlGcoCqQqAHpI7zYvA213seoP2bcLrpACuEH1kNl0dDSboN_VmYoimhn2H3hS69oVczlS7rCDQ
61279367-76f2-34fe-aa72-386a19a90053,RANKED_SOLO_5x5,CHALLENGER,I,4P8Ulq6y0rdEsjRY7eZafSzIzLmLXFS2tORdofJOG9sDRg,xooos,1363,192,154,True,False,False,False,AUs17whTpiALfEeVWyG8v5nZdr55XOlonhSFAylALTEeD28-862HH2NQJTgW1OT36J1kW2UAKrEv0Q
61279367-76f2-34fe-aa72-386a19a90053,RANKED_SOLO_5x5,CHALLENGER,I,726h5Tz4sXgx9zHPThScz_7usN2C9SYycdJeRSKoSxDWSQ,ZEN sant,1360,297,255,True,False,False,False,nPXifh8kos-6Rx1x8Dt51xU8q7uaLTrCs33Kzn5vJS0Tp8B-0qn6JQS_zZVJXcea6B4Eysaei8aa3w
61279367-76f2-34fe-aa72-386a19a90053,RANKED_SOLO_5x5,CHALLENGER,I,vzg3Kd2-J4dhpJg-PBwWais0wj9fq5EGtTgUSkg_AHkPqg,thominhas,1360,290,249,True,False,False,False,5fo73Ts6qL2Zoq1KuPSveGstcDcqled9PfitxqN0_E-PSC59jZlPFJ3_3lSQW4f12V67N67MJss27w
61279367-76f2-34fe-aa72-386a19a90053,RANKED_SOLO_5x5,CHALLENGER,I,CIHrFpiJl5GztEaVBACXepbBy7EtRf4E3BDSE8833jhr,Arthur Lanches,1360,155,119,True,False,False,True,PIU7vmph_ml92a5yopymA0z6fb-VNpV-yzAvvPxE1I6FMYf1U4U4dNhAn72P7bclzGABWCCDtFM1QQ
61279367-76f2-34fe-aa72-386a19a90053,RANKED_SOLO_5x5,CHALLENGER,I,CofQ-1ZxnnVCoRPs8H1omVICiCimStPtw1i2Eq2vlf6G5w,kStars Telas,1348,258,217,True,False,False,True,a5PNnR-pgNYFBxa1GdJi_9vH9qXMsmo9tFJGzmniHkubK4R1OdwzbxKnh9XVQJNtoaiB8z5K8fkLmQ
61279367-76f2-34fe-aa72-386a19a90053,RANKED_SOLO_5x5,CHALLENGER,I,FvABZe00_up9QeFCSeCiaVQ7lpngXlW3aGAZ47iPgt1Dv3w-kojtEuwttA,sim sim,1348,184,153,True,False,False,False,WSZ-OgfBCam5Gz2shpAljF9SZ0Kh2bA3J41-mULdS0J5JxLS5zSLuBuhVdj1hoe1sIGWiVKf93gWHg
61279367-76f2-34fe-aa72-386a19a90053,RANKED_SOLO_5x5,CHALLENGER,I,ZsSb-y-kRyXH3uGsERN1mqzhw8hrod6UB0XjT-D6qn1i1_rjXOSZ99kuDQ,gtandstd,1338,131,89,False,False,False,False,79Kd4FgZvxWD80EqUu96rc5Ay7KQ2AjKqmBo56g4RnrfWPenCQL63NA7cZviqVwRaip97iLDaHtI_g
61279367-76f2-34fe-aa72-386a19a90053,RANKED_SOLO_5x5,CHALLENGER,I,hr8Sgu4BBPOGaye0qwywBZ_SJMnv3NVRp1JfORggn2OCjNI,EDG Leave7,1333,69,31,False,False,False,True,YC_CN0mN3ZR9gJdKlrxlk1I0OQbk3MzR32V98UWEe6GISqzIYRoLltpRm0prIG5RrfH1ZWbvQk6tEw
61279367-76f2-34fe-aa72-386a19a90053,RANKED_SOLO_5x5,CHALLENGER,I,kNCDmaVhJChGGKvIEG411KZfPWtLcDO1M8KJxmLG3R1xkA,ThayT,1330,116,83,False,False,False,False,7t5RZulXv4SR7JHW3w5ZGU-qxSmpWqN6b5P7N9n4VLhKX0mO8yVOQ6wu5j_MdTw8A0TAf36FxMVqhA
61279367-76f2-34fe-aa72-386a19a90053,RANKED_SOLO_5x5,CHALLENGER,I,tnDnQiEJMj-54CaPih3Pbs3hFXfTCqdYj1h3UQCY0eF_JQ,KJ Allen,1323,174,143,True,False,False,False,GVDLhomVbodDDPkg45h6NfEe4oa0TqSKyZC5ol_0Y1jFdCcwv-RE-oTT97xguPH1VA1ekQYOM6yQ-A
61279367-76f2-34fe-aa72-386a19a90053,RANKED_SOLO_5x5,CHALLENGER,I,Q0SeVXB7LJugpe3n4AgLDyo1tavzn5WJ_OE7eqfDJfPtqQ,Kyrië,1306,170,135,True,False,False,False,q9sJBdUukXUXAiLRLS2i6KODDUYhJmGO7ZjlLLhShm4O0Y8C-DDElbsRFg2ll1QxkvwYgaTppqkLmg
61279367-76f2-34fe-aa72-386a19a90053,RANKED_SOLO_5x5,CHALLENGER,I,igy0Q6_kQ6ZSZcJD_VEHfZ6lPrLCVZcLra6KauUMR0c5pr4,Not Dreaming,1300,194,161,True,False,False,False,_DXnK9ZAFk5pbidUzzFZqc9BslhnytRs0izXTwcVFP0y57WGbKVZL20n1WZBB-sXzbGy234lIr8RtA
61279367-76f2-34fe-aa72-386a19a90053,RANKED_SOLO_5x5,CHALLENGER,I,VEG-r0bE-8ngDPQXBt7aOSZuR84cyu1-ooANk3qYFeGDgPE,Nag7,1298,126,97,False,False,False,False,9YPnlIjzwJn30ZS-Ut6bJ3ntGJSaMt2kKpaRboVGtfmo1kZ77NA-CR1qhiIVd4TxlhX0IcPjLp2FQg
61279367-76f2-34fe-aa72-386a19a90053,RANKED_SOLO_5x5,CHALLENGER,I,7HdSqWhJT-mXFz6zBVYUey7SG_5LGT9JJAwoqsFV6c27VaHExNHRt4VF_g,j0hn w1ck,1295,151,117,True,False,False,False,UBFgkJjvXsjyOKJBAddl2HM4IwXTKKbuHiunMG4xKnurizZQNej8kmPETydOeluKjfCmsggtUJILZA
61279367-76f2-34fe-aa72-386a19a90053,RANKED_SOLO_5x5,CHALLENGER,I,tpTJFLd5FzDFnBawGVfVJAEzOhIQYBJ1jiNTbBwoVWeehw,ShaQuinn1,1291,73,34,False,False,False,True,k3mCdl5LtZtugTQo4HKyWkdDSsiAYcOWQeHD9eysTWVxbl8DMwS41NACsb_Mu1xm9uGHry2L8Kcnwg
61279367-76f2-34fe-aa72-386a19a90053,RANKED_SOLO_5x5,CHALLENGER,I,QTRCj46hVQACRu0mz15jeVcGR2suez5-76YQvY4Ats6_tM4,qw8try78wqfas,1284,191,160,True,False,False,False,l1RhGOTjNFhEW_ZXo8hnjMsff3Y4qgKdmQwtM2siDF1YLFRXXsTEOqwU6tAv9gmnRXPnHFTlALMScA
61279367-76f2-34fe-aa72-386a19a90053,RANKED_SOLO_5x5,CHALLENGER,I,vWuUNoiDOBcvB042WFeZmrUs3K7CUkzi72IY-mhRDc_iIA,QUINDINHO,1283,219,189,False,False,False,False,Teqb2-xJQLs2c6PEGDvMIFfovAyA_T9q_dHL6n1NU1UWP0ZwgzDY8_aJS3hBUSTyoUKTUaYjMLhQNw
61279367-76f2-34fe-aa72-386a19a90053,RANKED_SOLO_5x5,CHALLENGER,I,Jjayx6m_ezBT9lK8IZzLjNMXAFAMBl8ZXcVh97vuwRKu5Kv37jOcBA_ZBg,Erisipela,1283,162,135,False,False,False,False,lkzfYqVOVP-AsNM_QICtZCDs3cj8LLgauIggItbOjPKPJ0CsHjInCvsyzFzoo2Ssf3hGVcJNUGDFWw
61279367-76f2-34fe-aa72-386a19a90053,RANKED_SOLO_5x5,CHALLENGER,I,D3Bozb2t54ix5zTv3qqRSCYaJ_R6D6IRj5En-UOgmdIS,SALAH 11,1279,150,117,True,False,False,True,Mm78IO1gTAG3-Ax6kNsPP4Qn_yBi--_GYk5okrHske2FBw8PubBvMcQRRT4w968-E2QFZrJSqS1E4A
61279367-76f2-34fe-aa72-386a19a90053,RANKED_SOLO_5x5,CHALLENGER,I,HJBm5hzAH5LuXfEWXtPx9Y7S5FkypXht9u69qgBbL3wCgo0,muja,1274,120,82,False,False,False,False,nYfSIov0EIt05XeTh3Y9iBENp67j1S_Xe_7HOqKFBzDEQ3HldD5AOuBHWembD7kBfCn_JgM3hyvoFA
61279367-76f2-34fe-aa72-386a19a90053,RANKED_SOLO_5x5,CHALLENGER,I,pyXgK0efD5qx4jc1CWyyRe-3KjPTF4A7zPvS1NPBii6TuQ,no one knows us,1272,217,182,True,False,False,False,QJhuDYcJeTRa6jZfGpN628_XNe37SW-jQYoAsF-1BGLDQGHvik6oUpDAKNkj0uk-KFRKQP0gMaZhJg
61279367-76f2-34fe-aa72-386a19a90053,RANKED_SOLO_5x5,CHALLENGER,I,HdfgkqY_VZzw9rsbepz-g5-7x6IpLqjl4H4GxcFGZ342wRw,Little Mandiocaa,1268,204,177,False,False,False,True,S3724LETLRIp3akMTon5-GNyzATbocuSoQexBha3PVXIGhEt0__howFtpo5KSEBEc9JwVbnPwXdYbA
61279367-76f2-34fe-aa72-386a19a90053,RANKED_SOLO_5x5,CHALLENGER,I,r19EgJ1HitVwKwrhg5YKesNEjXUbbuXCTnlRIG7swavkAA,polo capalot,1267,240,210,True,False,False,False,xVN1GGcgeNeG6E3UkY6juyZXUAErHx3SXUmJoNVWLmbJlfpRnuziCb6S3FkCSK59GyVytCyExxTaxg
61279367-76f2-34fe-aa72-386a19a90053,RANKED_SOLO_5x5,CHALLENGER,I,7V7BLnPoRVs1X4Q9MmjR28jkQ8xAY3AokHuZkC1Laj4fqg,FUR jg2,1267,230,196,True,False,False,False,FyeQlFN-jSF5l3aWkbubeJwta6DvpXxoS4uKgXKs185bZ8Wkil_JXgncUqC0rsZB0TXUgAyiWLS7Ow
61279367-76f2-34fe-aa72-386a19a90053,RANKED_SOLO_5x5,CHALLENGER,I,P8QRCKaJgikMF-1b7B3UceP6M4M-vMrVdHZtVYHDT2b1,azek,1261,160,129,True,False,False,False,JMfSgmv0F7AFCwzutjpcFVI8QOZwowex5dHARob7uTlu0LtauM_GNhw00i9IBckoheyBkm3gotPRvg
61279367-76f2-34fe-aa72-386a19a90053,RANKED_SOLO_5x5,CHALLENGER,I,me9c99gHbjxz0Hxa_7ZmRcuPodtlUZ5vPJ8vOttppmFW,Hauz,1255,154,120,True,False,False,False,v7OVdE6kI3VHbav44SDWRHZvGOApob8ZpuIUaFjCjmRbLgImUms-5a_NFtG3RFjvRCedX27VKXvFIQ
61279367-76f2-34fe-aa72-386a19a90053,RANKED_SOLO_5x5,CHALLENGER,I,jm5MFuvoX12LDqlfOGqMiZUSv4k3cUjQ4Prg104FWR43Mg,LEWANDOWSKI 9,1251,95,54,False,False,False,False,eGjbfQYGCabOgRs2uIQUsEyrprj9n-dm_VtJC8HoGPQKhivh7F95RPJRlW2PBWSp8QUbnPr7j8vI5A
61279367-76f2-34fe-aa72-386a19a90053,RANKED_SOLO_5x5,CHALLENGER,I,nYr9GO5jwsN23zhWZ87LrDXLP_FL_vVMq0hhrwO5wlj5vpqvnLsShcHHWQ,12313213,1250,120,89,True,False,False,True,4Z2xn6ubWSbXmFOowKNdqQ5jD3LYZYEDPz0VY84507BTZhFdI7rqek_1JPfQ1DXC903jaOMXRFnD3w
61279367-76f2-34fe-aa72-386a19a90053,RANKED_SOLO_5x5,CHALLENGER,I,dpCMH_m2L8wNB8PGMz_hTfEtrShTa51YVt8RadIFb0VWiA,procurando nami,1249,349,320,True,False,False,False,C1T8LWfkXVo2uU8jXuddbtrf7Cq7NS0moDEb9WtFa8xLK-kmRaOk7GcEVGocwYzrACAHiTrv35X2lw
61279367-76f2-34fe-aa72-386a19a90053,RANKED_SOLO_5x5,CHALLENGER,I,t-G8lEZQI5NVnf6b6mDBpIpCHeO8gPE-UsWHGM36yVRKrA,RainsOfCastamere,1245,132,99,False,False,False,False,kME0VdKpFKxRfMiNrodRMR7ol6iOhS7UR100hhJNh1w5aAz85qFVcjGT5onHCt-hS5RZzdy8AZDZGg
61279367-76f2-34fe-aa72-386a19a90053,RANKED_SOLO_5x5,CHALLENGER,I,elYSOG5LOOd32mWYWmAPWfNXI4b7rUEIsUYE2-xu1fZTDyoWnlD4T_y_RA,quebrarank1,1243,270,245,False,False,False,False,bPPOCY-AnRlxFVtkSMYfmhbOLotTg7yW5JVAp2nMu03CkRHQEViBHn4RL7rsIsXHBKrMsq9vvnazdw
61279367-76f2-34fe-aa72-386a19a90053,RANKED_SOLO_5x5,CHALLENGER,I,xogphONm60644_UGSHa153i9MjuFt1WZrZ5-oQKVWL8FCQ,RedBert,1243,94,57,False,False,False,False,iZLPtegON-m95yHHXfsT9n6uQxuS4besQUTdeiSRrNyEmicmzJmDUICnoyNPnXpHt5MRzNLJoVObAw
61279367-76f2-34fe-aa72-386a19a90053,RANKED_SOLO_5x5,CHALLENGER,I,6qH0SBaA9msUnNE6ouvUqwwnhjDDio-34LC9vLFGpO-_SMA,KING GUTHRUM,1239,360,331,True,False,False,False,2eyDspE_MuPHEerDCKrezI8cz2gzjhEj4HRH6fWLZQuRGx62MRn2OnZiBZWSh_LKNlZRmUP6Ky685Q
61279367-76f2-34fe-aa72-386a19a90053,RANKED_SOLO_5x5,CHALLENGER,I,jVjjJOTOwYQnUIre1vMGD5GuuzLvFiyzo1jashKcWnmlgg,TRI Eyer,1234,322,280,False,False,False,False,GMiqnH79YZqkG8p3aewFB357TlsmcPCw9ygNRbflNZJc8HN-m_D91Z4SeQQ3V46SimQmGUYcXa4ITQ
61279367-76f2-34fe-aa72-386a19a90053,RANKED_SOLO_5x5,CHALLENGER,I,UklesMpy30fAys9zUMJeXc_RpvWp-atr48DLTDFhMgjHsxCswgvEDuqIkQ,ssywfnkhl,1233,165,147,True,False,False,False,sWc3mlVXQKIcik19fIUuw0X_Q6UpCNatUcRWaAtJfPRbKW6zqR8egyWvbqYOm2k3blqrYMVYlZ8ViA
61279367-76f2-34fe-aa72-386a19a90053,RANKED_SOLO_5x5,CHALLENGER,I,ccdXZJ8wiuOQTJdjiU06YuvIXYenrnTy-YocRU2teUhyCw,LNG Hang,1232,176,145,False,False,True,True,Hs-nLImUgq0qvf4qty_j7B-L4TC_M30ckRASYtY3Xm0HmdpKNlbVDNu9in72OumydwIPlL4gm1pFrg
61279367-76f2-34fe-aa72-386a19a90053,RANKED_SOLO_5x5,CHALLENGER,I,WpiEnYM82qKfFL-o_eo-_CJhRlW_oY8y-qYUAihrJL54-M-8P7i76PAOfQ,paiN Damage1,1231,157,118,True,False,False,False,nBNpeMZ_7GcbCxHH1d5IASLzuB8sEfRq3kr0SIFLzuNM_Eik9Wa37xkBdy6-QWigNBkYRSED3yX9HQ
61279367-76f2-34fe-aa72-386a19a90053,RANKED_SOLO_5x5,CHALLENGER,I,1Yg9sH1hvoeB-8wOoObM0YzG2LTnZb0Zw6_pbYSBfMCBqnOlhVSoO8XlVQ,Echte Liebe,1230,122,76,False,False,False,True,OK5R2Swanfqkc0IQkqKpz33VfHr5IsosXd4BfREgTy1kFTgPpSSmRxJarhP6g8vGF-GHgVvshzlF3w
61279367-76f2-34fe-aa72-386a19a90053,RANKED_SOLO_5x5,CHALLENGER,I,CS9Nyth4G7oeEMZTNpX9t6H93K2OxbPCHPjfCXbFdtU3fkxTdA6WF3LOLg,FA Uxz,1216,344,311,False,False,False,False,leJx5A7HCQBrg66QJhurz_kr5VoZssTYsE2LUtQwRon2Q7kd45SEgy0yJWFRITVWIAi8HrC8POXIrQ
61279367-76f2-34fe-aa72-386a19a90053,RANKED_SOLO_5x5,CHALLENGER,I,cxmM1SvB1CHL53E80J7RkLjH-v7_q7IvvVlrjpWfCJHG8pY,isoooooooooooo,1208,394,356,False,False,False,False,HAmZbUfPayGf1hu1oCUsAZCLV_6Ouo26v-WoSdwi-Lx0YHqVSxwS19jVu3lbTZmuumkQqjFz7ykanw
61279367-76f2-34fe-aa72-386a19a90053,RANKED_SOLO_5x5,CHALLENGER,I,8GpxMWmh_Ah3VbjQ-U5mYu-3-nmmwCLx6vQsYyZqrj6q,TOURO REPRODÜTOR,1208,125,86,False,False,False,False,m4WVzPZbdPslNhXNUFZmTV6tpntOozyke-dtefAp5Re6-9Jx-K_f6RhqtWy2NM69oYOLmN51bJSbgQ
61279367-76f2-34fe-aa72-386a19a90053,RANKED_SOLO_5x5,CHALLENGER,I,vIHdqMdRYnvnaepdvjlRc4CdVVn_Pw5mnQ5txqIosgtL3Js4JTgm5HWGcA,LRK30,1207,337,296,True,False,False,False,9MAOGk7cKqYfsgMwAxvEgbL98PPf4X6X243Nzg-gffS3f8B0n2G1UczFREKmw8qfjyTKD-z8M4dA3g
61279367-76f2-34fe-aa72-386a19a90053,RANKED_SOLO_5x5,CHALLENGER,I,hm8TOa2ik30LDQyxFMFWV7Oc_P2TdzMYvSn02wYwHF9_Bua14xkvGWlYVQ,PEANUT77,1205,110,69,False,False,False,False,cwW-gsQh8UXQ7GN6NOEbjSGRLegCcqFm1kZXlJYlCkSKDACig99W8N5n_80d-TQE5O3wjJXVaqdYkA
61279367-76f2-34fe-aa72-386a19a90053,RANKED_SOLO_5x5,CHALLENGER,I,VY0COMSiS7ZkXtSzg-TKcwx6ccJSFVTmXfxeRP_NVBQE,micaO 2023,1200,218,187,True,False,False,False,uadJlhrBmcpC1mxm7YogR6WZ_XnQOCRtSn7Gh6DzF3G7lgppuu0yUaKYOzE9qcGZWecCA5tLzVBoyg
61279367-76f2-34fe-aa72-386a19a90053,RANKED_SOLO_5x5,CHALLENGER,I,fcYhezikHVZusiB0UVDqZTtmd2satcHY3wt8eL7wDAOD,Tkk,1197,291,262,False,False,False,False,39ZTLBdBW3vI84GRfy9Okww7AgE_lJpgDNPjVB6v5qUuoOZ9cK6D6E7cit7pFS-FRhg8d5TavN7thw
61279367-76f2-34fe-aa72-386a19a90053,RANKED_SOLO_5x5,CHALLENGER,I,9SfWLjJpUAajrT78Mm00NNU9gU6hQa36fSnWuDJ_-E7mVQ,tyrin21,1194,225,195,False,False,True,False,AKZdHlydDupBVPiat-0rLLeMJfz7PRkqKh0mGNJlO2R9XAkcfHfvrip-mfoNyWQNob9Y7Gidh5eUxA
61279367-76f2-34fe-aa72-386a19a90053,RANKED_SOLO_5x5,CHALLENGER,I,BfTUEKa14YzRQqvqKZ9tIblQD1qBXnL1k6nayI5ekVAeVWE,sarolu,1190,298,269,False,False,False,True,pW4QkfFR8QPjTriAaCcWslh8bUbQiJ-KGERjXcSH_A0GUi2kq823UBDE6Ch-7tjBB9548SgcKtmCsQ
61279367-76f2-34fe-aa72-386a19a90053,RANKED_SOLO_5x5,CHALLENGER,I,_OxI3qSAaVMO3m0tj25T9X7x-BqZ0q1PJHTy893g1ZEsOaeQPDFVUPI5sQ,jayce otpe,1189,173,133,True,False,False,False,HjEw12mdeRp8OQw0TLhFCEm4tc-vktVlfx9PenFqv83dUYwkrIbJ1Rr2zfSaid64mdQLGubXz0em0g
61279367-76f2-34fe-aa72-386a19a90053,RANKED_SOLO_5x5,CHALLENGER,I,SqaUKzXMQNNMqsX3dXAT66exLedURvT5__ghq-dWoEtGO_A,Fuuu,1182,119,88,False,False,False,False,yAvKkBy4ruKU4-pNLuBPImtrim4g_TaAUENID_uUBARm0CYbgQENO7rPWwPQ50xDRmeWX8wf3UyKIA
61279367-76f2-34fe-aa72-386a19a90053,RANKED_SOLO_5x5,CHALLENGER,I,hey_-_hfFzOeMLZIAovBM9U5oSkW62ymnea3mOr6DGBSkA,Mito Supremo,1179,172,145,False,False,False,False,GLPwnTQe3gzLtPDVotusLi7Uw8kO0rMGtL83gDw8VIaBs-XAa3YDWJZX8QiWniA6XFbXJNqy7PDYnA
61279367-76f2-34fe-aa72-386a19a90053,RANKED_SOLO_5x5,CHALLENGER,I,UICcdRqrDuyeDavOQ5c9RRstEb14OfDpEwOuOBF_UgHlwk0,RISE Zecas,1177,325,297,True,False,False,False,FCQtaK3HJz6ME-2zzfeJFsoY7TJbC5HHzNhlMGC5wpFBovZexl2zsqZ6hI41PuzKOvUioqYXTdsvgg
61279367-76f2-34fe-aa72-386a19a90053,RANKED_SOLO_5x5,CHALLENGER,I,NDUhG0BRq21xearO42SW-fjGavL9T09Bxo2zmzjpq8XtGcheYHqDlvi6jQ,AITHUSA APENAS,1174,265,231,False,False,True,False,dF3zTeCGIBfxQnafVQDDUrEZmZEuXWFC7fiMxGUelvNX1LT2AZF6PbETyNT5EBeb79UxhRj3n5rE1w
61279367-76f2-34fe-aa72-386a19a90053,RANKED_SOLO_5x5,CHALLENGER,I,mPPaFIb2hs_DLBVE4aNtCrGAaMR0lUto3ClmVKUii2_NB6s,Zezas,1174,236,208,False,False,False,False,lD0s0NXwqncNC3x24_JiOKumKPSQoJ9vFSyFt8rnHX6E7ew3Yku59YlRR7vHVwx_IiqXDUOXrg_s4w
61279367-76f2-34fe-aa72-386a19a90053,RANKED_SOLO_5x5,CHALLENGER,I,bWBZkjWkFZULn9GaWqKn88H696YfVRj9jlmwXNRieSdmaFU,Truthfully,1174,158,119,False,False,False,False,sxMqzwnvgEC5kkf6AfPKvfFMkY1bWZYBMvMaw8napb0K6NepDdWowi0GNCsC6E6A6QFT1Zzpo-Vlyg
61279367-76f2-34fe-aa72-386a19a90053,RANKED_SOLO_5x5,CHALLENGER,I,kZdYcmRYlz6xtGmti-4RI4tIpEn_E9qJY0FD7AfFHI3t,RISE Wosz,1173,211,179,True,False,False,False,Ic2Ck2Sqw22i9GuiSEr3Feo8wz9IQwuC8Yb0nMzrXZl8D2Wzq38_oux8-56y2QCXBaW92VSGSW2wZg
61279367-76f2-34fe-aa72-386a19a90053,RANKED_SOLO_5x5,CHALLENGER,I,RZTfg4CD6gyo1Ji1-JcFYFcAa1Dizjfgxrj8TlB8PIx5yNKc--4lwEGrJw,tá de régua fdp,1168,84,53,False,False,False,True,P-stZEnaWwJifmdeMItfMYPtgsyCCN-m9jA0zc_889ohajjBTXH5LbEmCCwMyifM1xKVgMNAeCrQXA
61279367-76f2-34fe-aa72-386a19a90053,RANKED_SOLO_5x5,CHALLENGER,I,R5J8800Mzwfey4yA506gfC6EedDgnUfGFccdrx7M8q8Edw,FX Jojinho,1161,107,72,False,False,False,False,Lwxg_51k72GgCRBkQpsSYKsJhFgJ6Tn6jImW7YHAGItlg5bxe7RD955TTRgvOegjg--ZO5PUE6FCiQ
61279367-76f2-34fe-aa72-386a19a90053,RANKED_SOLO_5x5,CHALLENGER,I,IrRG8h6rxClpiMBadgja7zTvYmPJ_IryYvkwkhghoTfTrw,Nero The Fik,1158,330,299,False,False,False,True,lhmyw-xuI8av6ZXgtyxVgvMam-PrHBr69YjTPxLSi4pUOv9H4CM9po6jAnhSsyeAw3wKkxHWqcEhsA
61279367-76f2-34fe-aa72-386a19a90053,RANKED_SOLO_5x5,CHALLENGER,I,FUwMfvfm6HKJMqav0l1KGIlcdLa7U_sEXPDd0QxWKgx4,random gap,1156,128,100,True,False,False,True,Ap7iYE8V80G80uKeDh4qdRROBDE8zHkN_MHjjC4rBEnIfXrhE1S3c_31CxTMvXbw5pYtMSOgVMzXqw
61279367-76f2-34fe-aa72-386a19a90053,RANKED_SOLO_5x5,CHALLENGER,I,fKS6D92sWTobfqsWE0YntttiDdFIfRO6xRKq9FuXt_-RrQ,UFRJungle,1152,186,152,False,False,False,False,2PazvjCSttWnpixic-cgYMouPFWicFvGqKEXnTUe0ZNBzTQmfm1KPgeEuBAJbopuUxC2XcrvyKHNNw
61279367-76f2-34fe-aa72-386a19a90053,RANKED_SOLO_5x5,CHALLENGER,I,VQdQ9d_ca61cDHus5tSu2xP5i_RwmvyY30JUNwb2E_w7tokDlQJRYYgkbw,RED Curse,1145,209,178,True,False,False,False,d4E6qiB04XLosfW5pn5uCk3wekoy-hUMAJmrgonG18oV9aM8n2rJVKY7ceuwtMIjC8T6VZi5t7VoLg
61279367-76f2-34fe-aa72-386a19a90053,RANKED_SOLO_5x5,CHALLENGER,I,nz1MS2mMgKsvbzO9daGMYOZXzu5OwmlSfaqYd120N5wn8TY9mCoJkc9dSA,Yukarina,1145,104,60,False,False,False,False,yOZde8bdEHpIwl8bQVs9Gvk8E9fXm4puK_wazkyjA0SDm9yghpeuRJLgjgXw39aqFWOFeZgh9pooOw
61279367-76f2-34fe-aa72-386a19a90053,RANKED_SOLO_5x5,CHALLENGER,I,eYuNOTy06iYZnEOq-TUh_XXyiNKpYGd4zqln1boYGonDsQ,kevin crey,1145,99,77,False,False,False,False,NH9Bl7bFXOp8obQhC2apvZSLWx8ngD6CHPk57p0Z_Bgr3HQbgp5injsNpZgExey4_EZXXZuj42tttg
61279367-76f2-34fe-aa72-386a19a90053,RANKED_SOLO_5x5,CHALLENGER,I,DPohFV8HxBmm9TycG3DY-75fun2iWENjncz8C8I4AeSikg,scamber,1144,198,170,False,False,False,False,0MdDyMMw0pnpTTsEzBC5ZOnazE0PIRWaZMdiYkRx4YekXH7g1oiLchsoYCOiyO8x74JMe210QfK1tg
61279367-76f2-34fe-aa72-386a19a90053,RANKED_SOLO_5x5,CHALLENGER,I,_kZN2GMh8jc0x_TmbAv_qZY-jxdcHGtQAAzXS0cFugyJHg,Apollinhoo,1143,282,251,False,False,True,True,8MTfagPpPIoxVt0OB07fwrAVyP6ESGcm2NbtHpU2_YYtItwg0WuemExDS0I4BDTvicm_EG1dCAs7xw
61279367-76f2-34fe-aa72-386a19a90053,RANKED_SOLO_5x5,CHALLENGER,I,evLapWjYWk7fZjdYg88KQZWmrMSTUvctvX_ZbU8ZZbR06Sg,yezouhua,1142,229,198,True,False,False,False,PVoFawcP1wkIJMOb79ciYeimjsBme6pP03dgUQlAhGEFgMKsWproPf93mWAvS8qMljnC52RoVgX2_Q
61279367-76f2-34fe-aa72-386a19a90053,RANKED_SOLO_5x5,CHALLENGER,I,gwrNDjhA-G2rIeH_oGyQVV9P0sh8hQi3i1BMsA8lCtVl4g,JKG Qu1z,1136,137,116,False,False,False,True,WskOszSFkqQ4xwBUR9T8vG90v6I2QhhqVgKDcMWWH0WnP_bOr9m5bQ2NA_6cL6tJR9jkDsjlrh33Eg
61279367-76f2-34fe-aa72-386a19a90053,RANKED_SOLO_5x5,CHALLENGER,I,7NdaFdpCr8nfZpwwcjEf1OeH9A0Gr3PWjmuE1ttKtJXx9lA,crawl,1135,198,164,False,False,True,False,cb92cYnA_pHzpWYO9NDL7ivwpxVfPkdP_tHXuUjDEHqRzjRxfFOqkZYVXVzU0mtoQaTMFRb_PR4gag
61279367-76f2-34fe-aa72-386a19a90053,RANKED_SOLO_5x5,CHALLENGER,I,IaX9tUQq9wzh37326heyJy85jcTddTHfyIMQQ6mPYLKlMiE,0503x,1133,106,83,False,False,False,False,Va2Ezb1sg4kOogO6tYm-oL-Pl36QAa7s1_398O-1vJMG9uxAhD-hARxs7frC0wKZEY5pB5MvzFPrfg
61279367-76f2-34fe-aa72-386a19a90053,RANKED_SOLO_5x5,CHALLENGER,I,IL4JF3J-XIOHRrOSFtviSGVrbY5QuLbOZacMAlDCgzX1GnY,DuplaNazareno,1128,243,218,True,False,False,False,T9aL2K3cdwwnvEn_JhULaN2rGg2CAaaIGioYL7gzu2DZZz7roFlOsFlT9utHc9wDapoGpqKn1gWGjA
61279367-76f2-34fe-aa72-386a19a90053,RANKED_SOLO_5x5,CHALLENGER,I,I5dfUP2B1y8UKeH6k3rTCkd-X2MCCc-HtSCE7ohacwBG3A,Betão 8,1128,166,137,True,False,False,False,Phl6_zEgM4UgY0bh4Gg3kmTUSo-js55-0tg40WGMz80vysC-8MTOxNAcRB4JKinDJjzSUNfefUHm5A
61279367-76f2-34fe-aa72-386a19a90053,RANKED_SOLO_5x5,CHALLENGER,I,34odg1Jz29Xj6bRwOtKTfzYAfBDZp5wWc8GC4FzgwfLyrQ,uZent,1128,137,114,True,False,False,False,AIVPYWr9h4orHYTFX2Px_B89e5V_XNqI6z07Lfn_-yjxIC5v-gtK0aDof04tW-hvz6PTBCxlI5kZjQ
61279367-76f2-34fe-aa72-386a19a90053,RANKED_SOLO_5x5,CHALLENGER,I,5j0BUIN6FyVF9p6exM0yN8wbI4lJF5V9y0HrJwthFgr_OQk,Mandioguila,1127,166,138,False,False,False,False,PM3fR60HyfJzfWTgmixkJdovysuaTSU2pyi-lf3bqzDz-ASSqiwReM3pXi87vPmlOzlHl0ocw-dfgg
61279367-76f2-34fe-aa72-386a19a90053,RANKED_SOLO_5x5,CHALLENGER,I,57dvcUJsUHt4esFPiL0CNVmqS4lxrARXa8iKRc_To1SUFhIRPdnuLO1afw,micaO 2049,1123,144,112,False,False,True,True,hfToXTXoclbuX5pra6b1irIHTO8NLh3shMWFnkywH5qbkeTLfetg3Tsu9oE6_-dJxn2Y2n15NvThPQ
61279367-76f2-34fe-aa72-386a19a90053,RANKED_SOLO_5x5,CHALLENGER,I,InfrWwxDV3nO6N6h9CHPbtCkHkBrRjg72dNvL_2ht2s8BK43sQZR5VdL8A,LOS CrjaY 88,1123,139,99,False,False,False,False,iD4etSz8MszeLSKiKbNeIMQ-MXcUHwUUNZpzvHtmVqbZ_eY_urSozkncypVs7e8-4WLus2knJkPwBA
61279367-76f2-34fe-aa72-386a19a90053,RANKED_SOLO_5x5,CHALLENGER,I,EL2oG8Ww8skjDo2XkwkDFvUkAN2rbrNwYYpV5tDx7ojy4Rg,Mid Witch,1123,134,103,False,False,True,True,Q75MI2vpNhbRB-hwPOs7jyS77-5Qkefj16yRa8ceLxEQ0QL1Bb_5hMaA2oWy_sxam6zXIKWKgWhNfQ
61279367-76f2-34fe-aa72-386a19a90053,RANKED_SOLO_5x5,CHALLENGER,I,IA5gEaTMoUn5I-Oam5n2zwzMMI__cCM5d9HpJhTZW-VqrA,RISE nZ,1119,181,144,False,False,False,False,C99915akvU8u-bP-dK4myYF4FCvo2kCN9_Yw4578KZxvVvCRHdh_VqwpD-swNbK8jmuZhB9uupYwzA
61279367-76f2-34fe-aa72-386a19a90053,RANKED_SOLO_5x5,CHALLENGER,I,QPziLFVVL1QmYhmrrsP5rZA4pzCzf57e2A-kczCbmQLZs_w,Só o barril,1110,93,66,False,False,False,False,j-BJXiw5JfajAx3DEn3cIHHhNO8RoCfU6H6PmCjEoGat2bJWS7QtW6MlgeBWYcvbvSPTm5PwfWWmsA
61279367-76f2-34fe-aa72-386a19a90053,RANKED_SOLO_5x5,CHALLENGER,I,Vz4eOLDDbIlroBT69XhBfwxu_CoMsx6oMKkihOWDG6VX4g,sixsixsix666,1107,122,97,False,False,False,True,wiY2k8G5xdiUAaHeFmbjHj_pGDALC1Ko7MR5rGrUIIuhFR7vAn71iLfdaPNqlbbAzr-zEH7Qx5-68g
61279367-76f2-34fe-aa72-386a19a90053,RANKED_SOLO_5x5,CHALLENGER,I,4xi2ld-60ldKog5gv_QjqUZ1vsB1VSwvuQzB3mDlo94JkYQ,misnomer,1102,98,62,False,False,False,False,xif19MmGhwMSvoVOY60fSE8MJUudMPHBNygQ7wJCIfBgTLMDl3waC5TyCqNZAF8oLhQiFH17E8ctkw
61279367-76f2-34fe-aa72-386a19a90053,RANKED_SOLO_5x5,CHALLENGER,I,2CXoTJxh3ooyecJqOdoCxbHfbrz-0RzyPHe8J2Ki0v3iXw,DISTANCE,1100,203,173,False,False,False,True,8cF2o2k985fRzVaG33zpgASirJgX6CWAZr731mLeJGR_GNnhv_ZvRCweFT0429TgwFsoDfAqly6aXQ
61279367-76f2-34fe-aa72-386a19a90053,RANKED_SOLO_5x5,CHALLENGER,I,wqjvkLTSGz-SxY079aH1ekxgOPdXEbSPez6weI9JLrSTYB1wgL86KfdGzg,FPXzhaoAP1231245,1100,158,113,True,False,False,False,5IxTmN0r8Cp9OgLCATJkk2JRf8AyYlVPcKF4bJd3vpeaBldbgPYZUh-fiiSbGZuaQpPsTAjVIzbFVA
61279367-76f2-34fe-aa72-386a19a90053,RANKED_SOLO_5x5,CHALLENGER,I,wcfRvES49_g19uhDldDyrTHJ_7LKq8rLwOArZxAyN3oVHTXyeTQGCEmHUw,GIGANTE TOP,1098,91,63,False,False,False,True,FfoWrvcM2s1Mq2cflZ4ZRNsQhMKeIY29JHQ4j-9yHUote4qybvjK1pA5NSroe7onlVituq8_WTyOAA
61279367-76f2-34fe-aa72-386a19a90053,RANKED_SOLO_5x5,CHALLENGER,I,czwZ1kXnMy03XMCENXj1wtMMP15aD8H20DsO11bXAa0-aFs,emot1on,1093,160,125,False,False,False,False,qlbp9gbtKyWleSILSYaDh9Oo7lIDz76XYObR9fQJ1VIm9P78isvygVvKETx0rRjxrw2GAuVYyzZ00Q
61279367-76f2-34fe-aa72-386a19a90053,RANKED_SOLO_5x5,CHALLENGER,I,t3Ijez8cJyvUvokwDdOkuX5TjPtnzhmuk9AXoES7tmjWrQ,teste do momochi,1090,174,143,True,False,False,False,MT_ga_vVJyD_s_2JIT0Og9wm2nZgc_20L3W2E_UubArh6XA2WedBUPcWDkB5vWfZaOggS3OAUbsVcw
61279367-76f2-34fe-aa72-386a19a90053,RANKED_SOLO_5x5,CHALLENGER,I,iTJXtATvRuIs60VfwSXdEjbf9HFnl83lwu47sTb58vbRug,Piguiça Maior,1085,104,61,False,False,False,False,cc0B1TTvvgI0Y3NMfC53FvnLsnpv70NilaUFixcMa_BvGHHX0A4oR7TPYpr1lgFnyzJQYqzx3KsmTQ
61279367-76f2-34fe-aa72-386a19a90053,RANKED_SOLO_5x5,CHALLENGER,I,RBva-_Y4qaZLqUF4sEzQifF-nSDTZPbqVvZbv2LJIA6Y-A,PB Lord Semi,1080,310,287,False,False,False,True,254wiIOJZVTU81mhEuGspt2Q683xmvnlkBMMXjIZI249banFTx-hUrFZsQtyrzXoIxIM0zPI4zjeqg
61279367-76f2-34fe-aa72-386a19a90053,RANKED_SOLO_5x5,CHALLENGER,I,U5kM9_IHns6VFbj5FkAHFdfZyosDQtDIhSIgaFLQA4PB,Kami,1079,246,217,False,False,True,True,sOfhBBYQ7IUY8QZ0BRlfOZAIJJyEKoNWArTHjHzUkil-e8pIMOFBqYZ5laskKsBTxygJETAb22QGww
61279367-76f2-34fe-aa72-386a19a90053,RANKED_SOLO_5x5,CHALLENGER,I,ZT4qAuqyf1GNswADzB7Sm18-ZkBs-ZRkQXCFMpGdB-M4ow,Qats,1079,117,91,False,False,False,False,H_8zcrFIDf4sR38TqHpORxlhzgPkMEiBsDrk0y1uZvw8BA39BtN5EKGNd5LNl5wte_xyp10FLLIlgg
61279367-76f2-34fe-aa72-386a19a90053,RANKED_SOLO_5x5,CHALLENGER,I,upq320MkuITIxDUt_B5MtV3kENA0lyGnhk_axBnUdHT97A,Riiquee,1077,114,86,False,False,False,False,tdrF6wHhpUEDFYitgnRtcfdwasbZy70v5cVQ1NZeXHhf199yZdmFht1Z0WusVmwQD5PzGCFWfpA1rQ
61279367-76f2-34fe-aa72-386a19a90053,RANKED_SOLO_5x5,CHALLENGER,I,8i1gZDY_-vYYBqtMnuGpkzPYQHTDZzwl5SApaCYoZn2nHA,rabelinho,1073,201,173,True,False,False,False,LKErQjx0jj4H-Y7oIOj243dHlI5C7oafdGMTrao5DhiIfNHX4vYHyBcUO8kJpWSGKT0VGr3kBdgaow
61279367-76f2-34fe-aa72-386a19a90053,RANKED_SOLO_5x5,CHALLENGER,I,xaEfdXWjUaKs1q5fZrNUiU6PQYx5RXJg4Rclehs_E2oNhHJhU9Pt-7lZvA,YURI X KURI,1071,136,105,False,False,False,False,MLzM2g4kzHiSOZFDZCJ9JgT0tpIZsIhaywIjHwE0lq4b3XFhYTlktKW_9lEvQrIJKadx4eZ1TRhZzA
61279367-76f2-34fe-aa72-386a19a90053,RANKED_SOLO_5x5,CHALLENGER,I,TdRRh2d_LZlAiFzE-otJVurlh4GVhprdj1t4DcmbpEl7QBM,reverse,1070,166,132,False,False,False,False,YH_fX4bxN2syotzLyCSF5JbMNxnba1IB5Qp9vm9BSOFy-t3OmZoiGNq16eslAiSFB8-6lleo29mHqQ
61279367-76f2-34fe-aa72-386a19a90053,RANKED_SOLO_5x5,CHALLENGER,I,2NurqTO2Zb9YoTDMKynt5rA2X1u0E9jF2SAdh2CRloliZus,Burrito,1070,132,103,False,False,True,False,e1IYJMZZnmsK8XOPQNWVyU1bVkpghAyw6VnrqGLd3yKs-QdrmcrjcWb9Np9K9YVmqGCxDT9jOpMeGQ
61279367-76f2-34fe-aa72-386a19a90053,RANKED_SOLO_5x5,CHALLENGER,I,yICjXZNnkoWMuxJS82u_8SXdm1sv8fowIumNdgUbbTLnKqQ,Hakari,1069,255,219,False,False,False,False,0PO-1xtZ_NbPPNBShUX76rPtDIXa8DjAaF-HywiQwUYjIA5p6Zir89A0YseNkV5rKJ-lGyM-JStXug
61279367-76f2-34fe-aa72-386a19a90053,RANKED_SOLO_5x5,CHALLENGER,I,RkhLuzAXfVVcfYAocX55odts_mR6etOXitysnLng8hGepw,thru death,1065,219,191,False,False,True,False,SBufhYqCC5RF23mktq4bnjtx39R_XPAbgFNoqnrETA39FcfdSQ5w_g9M3PeqgeTCa6Py5RTvQBXaaA
61279367-76f2-34fe-aa72-386a19a90053,RANKED_SOLO_5x5,CHALLENGER,I,4eYArIAqXKGidZMzPUW6wcOTr3vMMsCK-rDfGWZjWMZ0hA,lunardeli,1063,207,181,False,False,False,True,fozyfgkVn_wrynggTBRg21I2f1C0iIDBp3HmvHauWbjO_ixYhyXqDRu8UV39JUqN9RyyF5QBuAbaeg
61279367-76f2-34fe-aa72-386a19a90053,RANKED_SOLO_5x5,CHALLENGER,I,51pItEMy4Z-AoR3mM4fCu1nHmFbTAx_glaKwpZrQahHy,FX Tay,1063,142,115,False,False,True,False,h6RcFNi17cygYs2I-Mt92hbO6asbTM0XCTeAM0hQtaKa1Q4HGCchm3B43J5D0M-I9MhMGY1t4GroYw
61279367-76f2-34fe-aa72-386a19a90053,RANKED_SOLO_5x5,CHALLENGER,I,10FaVD37L6CB3qkouhQqWPrJj9k6tGPHfWtW0IoQu9UP,paiN dyNKas,1062,119,90,False,False,True,True,NzrFn5EeME37xKSmjXeIS1GRPcDSOI3sRVldRiQoemPqsWIPGIAA95S9PFpc8qjMyPfFL3Ntb75eMQ
61279367-76f2-34fe-aa72-386a19a90053,RANKED_SOLO_5x5,CHALLENGER,I,yPu3Sq1786cUj-eC-FH5C3hleJxFm-Zyd9awpoN8Pr2TjxQ,czy,1060,272,249,False,False,True,False,SiyHBHrIuhpUD6ndA7C18fLCgsbwW2zYSIFDwi0iGChfB-C2VmoeqxugtSu90pTr-tAL-9q5wcSFdw
61279367-76f2-34fe-aa72-386a19a90053,RANKED_SOLO_5x5,CHALLENGER,I,JHML8dtL59VgL4Lwp1mGaOK3wLT28B8KDRNCGrPH2mH0pw,Quìnn,1060,67,37,False,False,False,False,mgjQ7j2mFg3BDEaKH7O7gsaVhAtgmPCaeexUmEHr9JO9YX5B5Sr-jZOs-VSyxLTm7BZOrw8ijpGmng
61279367-76f2-34fe-aa72-386a19a90053,RANKED_SOLO_5x5,CHALLENGER,I,w-0bRt2gHNemAHqvw3MGyII64QAaye8-95dzzevVsVqJeQ,Kick a boo,1059,131,108,False,False,False,False,OMWHnTBVyH_WFwFW2yTHjLs46xTmoPna0H1g5dIuuVEGqjxVHXyQC9d8XNZMP0nD0XHw3G5wAIfEfA
61279367-76f2-34fe-aa72-386a19a90053,RANKED_SOLO_5x5,CHALLENGER,I,ape-OuSW5XfyrF70zqUDK1m72rimJ2ic8qDUqEvmkjpAqg3XZ-4gO1VApg,Krenashh,1058,152,126,False,False,False,False,ygfN9dHPZ_M3iyRUXCNeV4v0-PADByRYkDuGMAH_xjg-DJVktiXTjdMYlMcRsBg9e-hj19kD6r2H7Q
61279367-76f2-34fe-aa72-386a19a90053,RANKED_SOLO_5x5,CHALLENGER,I,srBzo6trJzpAPKNq6s7_3yfamIdR7mbgnwhUrv7ochl59Q,q v,1057,231,203,False,False,True,False,PhsL58hCqXdqsgpjEeGo_FETSGNlNACtsyHD5LT23MG1QdS6tBqh9QFLXsem2tRr0gKbha2H4KdEBQ
61279367-76f2-34fe-aa72-386a19a90053,RANKED_SOLO_5x5,CHALLENGER,I,Ar_fxIc4pKmcWx9aZLLhC7EBDBqwQvC6ll4XgCkLHyC1OlR1eEjZtIUO0A,Little 0NE,1056,60,37,False,False,True,False,MrtegFUvj3vUmmBSrU5xdjwHDmq5RZpZc_Y-dmGLHtxhvu918f1qqmiAl1S0hFVP5GTET3RSj3994w
61279367-76f2-34fe-aa72-386a19a90053,RANKED_SOLO_5x5,CHALLENGER,I,RjTOcpxRhKvhCC7sl_EMoQ9wne-NsQWcc_unX76CGbwX_g,bulecha,1054,160,138,False,False,False,False,G_MqOC2Qb19LLebnqHtP_IeTgFrAMJlCn7dk0oMMa7420Z1oKbd0MyAQN9iBIecggaRL6KepQn6qxQ
61279367-76f2-34fe-aa72-386a19a90053,RANKED_SOLO_5x5,CHALLENGER,I,V05tMdm4Y7FdYx_KLLnsTcO3WAxdrJjE3hSC3i69H8u5xXieZVDFMpbO0g,GabrielSousaPVP,1054,158,130,False,False,False,False,Y5eSzziDZZouYyBjn8h84EuVcsi01PZMTCQI6Ce_vr1J8uDd-vHN0RRPjUpQfO69dd3-TXgm569sxQ
61279367-76f2-34fe-aa72-386a19a90053,RANKED_SOLO_5x5,CHALLENGER,I,xmnNL9GN7Lr44ckaHfl-fTyJ93HvjNPPj4ra2Ta19dNsIYI,houndin,1054,110,86,False,False,True,False,Jv-2HwNTuLN-yarJr8IJmmq5T5YYH6VZtVQb8yBl4eH6r18NY0MJ0FPnRFJz32iTZtVJezKa6bLPWA
61279367-76f2-34fe-aa72-386a19a90053,RANKED_SOLO_5x5,CHALLENGER,I,Sq5USSGdVT5gLtHlETyIhtG7AnQBCnvrGSKGBQJnYMW_Vg,Brunox1001,1054,92,69,False,False,True,False,4K6qijKix8o_LJxiNsyBuCF2K4k5vsweJ4HC5yeRwlY0VEokwOVs_8FRFPNYfHDYXSO04juU508zhg
61279367-76f2-34fe-aa72-386a19a90053,RANKED_SOLO_5x5,CHALLENGER,I,WJBP2BJZDuOKFBUDOCnQ01tjcYtHyn_yGfIf0zN4Cp0OIw,Pedredu,1052,226,199,False,False,False,False,DcpjT_S045oxRHbfa46rV95EC3wDNOj-wSypa38CG38NVk6oDP3ebXdqscMIYVtXvOAqf_gQoXuCZQ
61279367-76f2-34fe-aa72-386a19a90053,RANKED_SOLO_5x5,CHALLENGER,I,JEsWnm04mOy8nJj-VrgZmRNP0CbhXo9ec9M3qvG9YdO6zE8,MadDog OfShimano,1052,159,131,False,False,False,False,a4xdrN2qItFo3m4VuQblGLbfn0J0pQl_M9ZBOYRxyJ0xHTxfOy5jDDVcDuvp332uabfSptNvYtm9PQ
61279367-76f2-34fe-aa72-386a19a90053,RANKED_SOLO_5x5,CHALLENGER,I,jcPP63z4wr7Z_pwOJtf_NO3oedY6BIWDgvZliM2-bNvaTg,Yupps,1052,90,65,False,False,True,False,HxqDuVaQM4hx5zuCEERuvMr8YHzGcQcoxeYa694ppVlar6Ls1mpUfIEOLE3MyLVDDrCpV7CQdzl2Xw
61279367-76f2-34fe-aa72-386a19a90053,RANKED_SOLO_5x5,CHALLENGER,I,Naz-TJwwRYKdguPeInwbRafHQuA1_m7IAI5wv0ZOGuo4YoRpCrdK3Hztag,oiiii,1050,93,70,False,False,True,False,sPPs3EkTl2rBnHMpMnjCvyY4IKoTnv7BGxqOs9B6BgTuE2sCWy3tkvi4XYUCgbWOlNgY8nnseyOG5g
61279367-76f2-34fe-aa72-386a19a90053,RANKED_SOLO_5x5,CHALLENGER,I,q82FHSDR2DzN4-9wAllmTJtMNwJGtXSJGdvZs7GqgrIJ0EuU_hAoZZxd8w,Route123,1049,173,142,True,False,False,False,90N0uI_QKvXAZhmqw0pEOnHadEdbshdInYP0EIndcwlXnIWRZ_LcN62cxyNOFyhq2TZGdzyVKXKifA
61279367-76f2-34fe-aa72-386a19a90053,RANKED_SOLO_5x5,CHALLENGER,I,3sKNID-cItphC1haEz0PqL4rE2zbUgcEaTplP3-rvx__kQ,Megass,1048,280,255,False,False,True,True,JTCaKFyiIyhqBlMGQgHlLkZUp65UloBB0fhQC5SUuft4LaQe1ppyjX5UVyT-0hD4zmhXZhzr4YD3XQ
61279367-76f2-34fe-aa72-386a19a90053,RANKED_SOLO_5x5,CHALLENGER,I,Ja-76bC8GZr-VwTw1mCiimjOZ5ZhNfEahDl_5jC6pA3sNC0,Sae Itoshi 9,1048,201,174,False,False,False,False,TyankVvS1wHsQRUJRrSHXwe4Fw2AWPba6U49drlA3JMwxV3RnHdlwaixJQ-nHzCKeQzdID1c6L2RcQ
61279367-76f2-34fe-aa72-386a19a90053,RANKED_SOLO_5x5,CHALLENGER,I,tG5lyEp_YZhRW4GMr90U1TjnG-rrH6rHmYJCPB3_-LuXC-k,BT1 Levi,1048,139,111,True,False,False,False,EUmy0pqBi7cYf6bq-hVehwtFecApNnicS7b0Hx3KE_LgWa_3Jet90Frws3SD1jmi2rKJIq8om9iM_Q
61279367-76f2-34fe-aa72-386a19a90053,RANKED_SOLO_5x5,CHALLENGER,I,CO2GPiMtPEPNeq0ztcoAmrJK9OZUTeNPmzYGomGnRRw9zQ,Scooby Doo Low,1045,116,77,False,False,False,False,KviDeHC5HCgyL0fotuPLrOiF8KjaoZQHZExMHQJc6NHikoYjmopPJMU3GlksT5Jbz0p3NvRwsELADA
61279367-76f2-34fe-aa72-386a19a90053,RANKED_SOLO_5x5,CHALLENGER,I,gL5DzQNebEg_E1y0v5vdIxulRA-aBwdhANL_jQWqrOLVzvc,Joseph Monovoli,1042,525,489,False,False,True,False,ij6kR8dUDOK52exaPcwdOZf0YYtBYfgyzZSZTtyCZhMxvMVl_0nClsbqrUbPt8B61JkpXCiJ8AD3kA
61279367-76f2-34fe-aa72-386a19a90053,RANKED_SOLO_5x5,CHALLENGER,I,9KaIXSSygQrVO2GvIqDfjy0UfVf-dd5vcpCqyC24dggbdS2VV8-aZyuPkg,RNG Ming 9,1042,124,115,False,False,False,False,wEJbZm8hVwAYETyFaXz7KNHeEAHno0O5ZRWqQuVBzQlzRCYtT5RvjvkKBt35Obmq1LXHJ-ZwQ7k-GQ
61279367-76f2-34fe-aa72-386a19a90053,RANKED_SOLO_5x5,CHALLENGER,I,0LNyTMi9O0wBqCe0CuoEGdh_KgE8iUJRhwRSo8Ffzc4c9Bk,Washin,1042,100,77,False,False,False,True,VwNFv5jIjt5kCAIsCsBez8ftaXmmGeq4s3zqJ0NaFsrHXQ0CSqaIutEdytU6oQ8I-oAbi5J7EbuK6Q
61279367-76f2-34fe-aa72-386a19a90053,RANKED_SOLO_5x5,CHALLENGER,I,ed1ex2VyxLIDlG7qDh03-Wtbo_eK0osY8AUPcTiEavayycQ,Unforgìven,1039,489,447,False,False,True,True,rZuREA2_-CMpg7LwcLZ9tInqkr5DGmCXs8BKvekHnuEc2MBVBsGbyYELnoQ5QiwIcKHoYz_VrDcxcA
61279367-76f2-34fe-aa72-386a19a90053,RANKED_SOLO_5x5,CHALLENGER,I,EbZG8Vw5dveRfaFvsL0odlvX1ASy0gKHa7JzjQ1f6vRb8Jc,Mermelada,1037,135,103,False,False,False,False,jYDzkAkLGtUbe0EtENNtHI_w6QBZhYkrfG2Mdbsf7fd0dpmXbFIyvGWb4RSOpmubJYa7mAxVQSBX7A
61279367-76f2-34fe-aa72-386a19a90053,RANKED_SOLO_5x5,CHALLENGER,I,EUmGSbsqK88oJg6g4vmwl_zeGTrnH-DPWoKlfW9m8kFzHxohFamzoyfB0Q,ad vermelho,1037,81,43,False,False,True,False,uEMWyi1o4VHZTY49CIsipwHq5_NBtE4_z8SaJU-43-OfomkB0pjMvt1UpVIBt50pUZoy4y1gjkwSnw
61279367-76f2-34fe-aa72-386a19a90053,RANKED_SOLO_5x5,CHALLENGER,I,cx9Fj73sc5W5l4Og_j0kaydrBH5EgcRjDcitVos8ILU7saM,sarkis no auge,1035,275,257,True,False,False,False,gyGLtOGCSrzcKc1-RGOYi0RsE5EDgG0DHeYAHAOS-vq6oVkly1svfZgNBYMvFqm5iiidtTPx6BSpvA
61279367-76f2-34fe-aa72-386a19a90053,RANKED_SOLO_5x5,CHALLENGER,I,Z4L30uxdjxf3WrhilD_aAGTKjXZV2XQ4BRSBRagBloq8nQ,Tokoyami,1035,267,239,False,False,True,False,lsNU9SVM8Ayw-isdPVuH09h6dOpBaOGkndDyaf5JZs8movbpPFKuk7_303p1hxi5j__Iy3hSgykEBg
61279367-76f2-34fe-aa72-386a19a90053,RANKED_SOLO_5x5,CHALLENGER,I,GLqjHNo_1FGGYLonPjUjS9h-V2DB-thcPtqCo0fBBBQTwBA,DUDA LINDA DMS,1035,203,169,False,False,False,False,ufF3xxH5jqqzJzZ_A2vFd3kyxVzdgfZk9_3q06nT-T9nVmBrKk9Vc2udrHeFqrDnCg1BDUJ1CS8liQ
61279367-76f2-34fe-aa72-386a19a90053,RANKED_SOLO_5x5,CHALLENGER,I,sEJr50_BgvKcZjneKZ7vqQlKTC-daEMBYRl4hC1YsbbL_Mt-YtTN_1M68A,4747474,1033,126,94,False,False,True,False,sPq0yqEoG8xd7-LbDtOyEX3gt6PYrtUFZG3QjsM7quNlnnLzkFbe4hykLsDFUgebJn2VgFbMoeb0LA
61279367-76f2-34fe-aa72-386a19a90053,RANKED_SOLO_5x5,CHALLENGER,I,KGrkQvQs3QfeysgmpMS-71ELNzN9CrIOEuK0JYqlrBkN8g,Renanzinhoooo,1030,302,276,False,False,False,False,c7HbDKfvSYL8kVSwfKnJl9Y_Xt8uX7mT5-UGWDWd_0XReUK6s3f78FVONa853erfyfFTed8u1SuOQw
61279367-76f2-34fe-aa72-386a19a90053,RANKED_SOLO_5x5,CHALLENGER,I,kSpl-v8KrZphr2S91So6CwMXgVdjjMMThe0pzUlVDFPTi6I,Jonher,1028,193,166,False,False,True,False,7Y9IyuUhNceOAlb4WD_z7phNWFaB0wp7wNJW25VzeTr7qCSMTkAutUqzlGlser9tO173EAiQpHYGHg
61279367-76f2-34fe-aa72-386a19a90053,RANKED_SOLO_5x5,CHALLENGER,I,7jrFHJ4lny-HrhqGodQUQPtQJuNxP-p0bu6uo0r5tBLfww,Reversed,1028,167,140,False,False,False,False,OBEcErRGb8vzI58P-G4aB0kwNybbbPldYaT9wEr5S-w8tWHo_BrJzTT6OkP0xNYz8STDnpUFHmWzKg
61279367-76f2-34fe-aa72-386a19a90053,RANKED_SOLO_5x5,CHALLENGER,I,n4BpVt1gLohyWG_UI-Mj1IdvWx7ymg4IncRenO6EFzmQmXQ,CHO GATH lRL,1026,109,49,False,False,True,True,V6wq35yF9qSjOKsM01ewIXOFn3Ue1RS8lHbd90DIPcdYR9mHJwUbK32_buBtttkyDxPj39ef3DLoyA
61279367-76f2-34fe-aa72-386a19a90053,RANKED_SOLO_5x5,CHALLENGER,I,s83_wdiZwT0S8ejO3UK_oP_CgN2vMqADs1FYCR0fC7Q6XA,Baro Shoei 8,1026,80,51,False,False,True,False,ghuBJVIFG63-chU_eVhH8s9GXI7Tso6s48S2fsVkuMFYIvR3R6n8yW9DgMVgIZ6WG8zQgMbZliuA7A
61279367-76f2-34fe-aa72-386a19a90053,RANKED_SOLO_5x5,CHALLENGER,I,89G7F9n8A0O9pEqHuqCUd56y4b6vu3uAIkDKXQWF-eeB_EM,joaomitoHU32,1025,161,139,False,False,True,False,Hmmr2JFpTLvQgEPUVJaJNv2O6MfDO3xBTijR2_5SUMI7q61nPpsOYPmU3EK3nMpyoAW4zxH9XG4XiA
61279367-76f2-34fe-aa72-386a19a90053,RANKED_SOLO_5x5,CHALLENGER,I,j6m0xoEHwcE0OA_xkPV-dwWiy_yvKqMKDW-rasYACD9uW-U,Big Genos,1025,123,98,False,False,True,True,Lkvh4bWLxnMZIE6xDrGU7UiQsxuWvXHwFMHSPtVT3LRH6eMTuD9jKzPR_ukeMVhyLrudh9cLe8joVQ
61279367-76f2-34fe-aa72-386a19a90053,RANKED_SOLO_5x5,CHALLENGER,I,qkXJXDOK_jm1o6lXQtfsdMAeD0vcFbSOWlzgYkkPFYxBhxPohSrnCxP0PA,Hide on bush7,1024,191,163,False,False,False,False,3wB5mhRYH9tWDZxVH8cftERZBIQ_-ouyF1KUCz7IMmDwAY9HuII9Ii5uemwX9cfE4dhCEBK3leUzCw
61279367-76f2-34fe-aa72-386a19a90053,RANKED_SOLO_5x5,CHALLENGER,I,2-zNQeB31dqFDV02HAkoYsUr8McsF5vpy25Udv7GJz3Wn6Yh0RHzSASkGg,Incanabula,1024,157,126,False,False,True,True,mfZfhAa3Aok0TpRfah3w5OexrNvGZTvCEgDqxfRtTlsZwyWH6r9ofjGWincQonJk1cBWPDFG933P7Q
61279367-76f2-34fe-aa72-386a19a90053,RANKED_SOLO_5x5,CHALLENGER,I,annQTzquqg_RhS-miaF4eeB2JJVBvmI8lzJUMjnyNhVZSXQ6eAXl39gK2A,alek young flu,1024,137,118,False,False,False,False,3y0ey7cuRCUFkwxlFfsruwfc2uy9zcfNs8aM98HfqnWkWcbaTbdo7GXP7td_C6-xEFXyJ7XQ9hEO-A
61279367-76f2-34fe-aa72-386a19a90053,RANKED_SOLO_5x5,CHALLENGER,I,lEz0IpGeLBchqvLje1_-MLjGNqcYP8hlEgUf9S-EKIj3tWMecRr2c_94ow,RNG GALA 9,1024,111,94,False,False,False,False,WoiMKW_6--Tg4QU7YZ4ClCTCRk3ZeRrJ4o9H-a5RE7zMPq8edWd--8zEz36BTfNiR9qXz4p5X7gzSA
61279367-76f2-34fe-aa72-386a19a90053,RANKED_SOLO_5x5,CHALLENGER,I,bcSjBWwZbL3W48no1OGprKOnxejOfFhdM5oFwQXiZPIO-F4,Zayco,1023,492,467,True,False,False,False,3A_zHPwTzhUjzkCy6joMIgoUnsVX70YiRwL8U-xbPi60SMYv5VW2EZ75stWGAMkPNLoLVjsKX35rnA
61279367-76f2-34fe-aa72-386a19a90053,RANKED_SOLO_5x5,CHALLENGER,I,Oz4J46wAt1_pwrUrRAPe7a0Q2AdBZEl9EGPFlnv2-dw2,lI Leba Il,1023,274,249,False,False,True,True,MkyJ-Rq-R3tQt10t9d3PFToDrXW8SwxW2P7OpHwS0hyYfEN1fvTCLTCWO-ssN1dqEQ8nOXL8YdRQCw
61279367-76f2-34fe-aa72-386a19a90053,RANKED_SOLO_5x5,CHALLENGER,I,ezinPNiN3yBemwBEl29BZP9PliZx5cq717YfIduHcYreZ3g,Brum basic,1023,217,157,False,False,False,False,IH1TsLWgDxj7sGFC_rOv-rGxu2G-xP0SFsZQmAM0Zd3dtt49-zIbCiTl1lewCGAHoKO6twNP7IHxyw
61279367-76f2-34fe-aa72-386a19a90053,RANKED_SOLO_5x5,CHALLENGER,I,gi1Ub1paIgLydxk1qhRdq0BkV3WSH2kdYg4aYvsB9uA9H14,token kingdom,1022,283,252,False,False,True,False,bN88sRykd6OkSISWkoWILoKAKKHPh8zBTK1N2OhaqWzNXuDADjkNsJIcrnt-PnwcD4GIR0RZtjHOPg
61279367-76f2-34fe-aa72-386a19a90053,RANKED_SOLO_5x5,CHALLENGER,I,9JF9wjv5Jed5Kga8m-bPEw7LqrPTVB6FsIU93GwrOSO63g,bbeNyusi,1021,165,146,False,False,True,False,XKnMp8is44OIuKH3u-Wff28rfds6I9R5LP1i-tC2dDwHR7U95poeaWejQEwoRA7vw_D14roFVjcgog
61279367-76f2-34fe-aa72-386a19a90053,RANKED_SOLO_5x5,CHALLENGER,I,SCgWXuKAywp6cgHqwbuUdq7-emU5ABLrpPQlhAFCJM9qKoc,tank player kekw,1020,96,72,False,False,True,False,GosWQb3AD4qgP0B9kKG-AbtVcNsW0w-34Vyp8jtVL7BIwT4pxHjie3QuyWw2rcDIQPPmeuSO_ESb4A
61279367-76f2-34fe-aa72-386a19a90053,RANKED_SOLO_5x5,CHALLENGER,I,3KkMJqBx7RXBAN5cpyKJv9ZZmyZQH01bHv7mhaRsBch4eg,RED Stoneses,1019,188,165,False,False,False,False,oV8R7f8d7cv0mAoUen0jKNTaLJVuN1x5sG2jSmdFy2x7wXi_Erdfx3SiuYNRgQNNSzB9QQmTvGP-Rg
61279367-76f2-34fe-aa72-386a19a90053,RANKED_SOLO_5x5,CHALLENGER,I,1d4Gq65Rg615_LCj6zWEVrqABjB2JaYCZjS_fE9SA2CWHgB2fcL2pu3zNQ,Romântico,1018,305,281,False,False,False,False,O3_ty09qVGtAOrc0R9T-c_0Z2Jp9lP-eVp4xqHuYgbfwLji-1Jm0Ct7X2CC54JokFnlC2uw38uakgw
61279367-76f2-34fe-aa72-386a19a90053,RANKED_SOLO_5x5,CHALLENGER,I,XDmxB25SeKD6J4eO18uhJIhBqMXDQJuyGvVToGmF6PBbbg,IsDEAD,1017,335,315,False,False,True,False,k69-XcsySAUGnH-HQOw_ly2cYbY1854a6Hk_Ttr8vHDezahwOQhkvcUd75_BGZxrfh-1weS567JpDQ
61279367-76f2-34fe-aa72-386a19a90053,RANKED_SOLO_5x5,CHALLENGER,I,5PcXMJzSmnTiBjFojyXSooQw63I1BlTmX0fvx2iSitQOgrYlqsqcIvlybA,hcnaazrxh,1017,121,94,False,False,False,False,FiTFmCAgXsRlcjZzZv1BgjKo5dVcW9fJAUlA3iqUAUu90OLQSyMQFRRIPJNA8Yx5L4-pwVekkSIa4Q
61279367-76f2-34fe-aa72-386a19a90053,RANKED_SOLO_5x5,CHALLENGER,I,CTLfYGeRhMiGW2m7tqVupGJ5htz-aze3tGcjeqKtHdTa,Xinxa7,1017,101,75,False,False,True,False,6ZCzT6RaS3ytWGhqt07v4nOJ18YUNWg9SwBq9EMWSYxSpiuDe-clI0Mszssn_hkQlGmJ9C9UKsmRCQ
61279367-76f2-34fe-aa72-386a19a90053,RANKED_SOLO_5x5,CHALLENGER,I,2eEIx8P9o9U7ZUPvosUWU2zX4fr0XlBKoSIa76phqUJUUEI,ghost99999,1016,191,155,False,False,True,False,DpBqsBYzDPvF2rHrlfTyStEQdu3W8K6KkyLsDjBPdE9_o1oi_ZxVQyf0X2uVtt_mMnw0T1QO42DPtw
61279367-76f2-34fe-aa72-386a19a90053,RANKED_SOLO_5x5,CHALLENGER,I,gj1-3AknpDqvnxPsiBrV2sHTNcYyp4tACNECnOmHHtVRZnA,curtyzz,1015,345,316,False,False,True,True,DABxIDE4Tt-pbVnGmerTVPejCn8ymglXhyO-ALYbUUoHgNbcMcKerpSGjJ_FuaBHtPExBedD5vqKuA
61279367-76f2-34fe-aa72-386a19a90053,RANKED_SOLO_5x5,CHALLENGER,I,PXKzwAT-1oVelRf_YVqhUd8yVX28jeTgHJscouux2EXhRg,pepito le frog,1015,119,95,False,False,False,False,55mUL-H7iYFDoFcP9OqYCyLsYbgBKexkOF5s_QAXx2YcYIch1xrZmQncxn_Agwc56cgmTCUp_dKHBw
61279367-76f2-34fe-aa72-386a19a90053,RANKED_SOLO_5x5,CHALLENGER,I,XUibKQ_JaigRzA9uj94UEUNG9yX6yT2LqcaYfGPPSppledk,AsheBoy,1014,363,334,False,False,True,False,fWY6JsYvrIzEHpeap9TGHuAg831-FC3lfYZraSNYqFytpvqcxA8JxmD_aIWEc1nvEP3tWe5sI2BIaQ
61279367-76f2-34fe-aa72-386a19a90053,RANKED_SOLO_5x5,CHALLENGER,I,1jG2ICM_uo8tjEu-wz8rFgx3nlKRYFe2L-4Ren5seexfg98,intensidade,1014,218,182,True,False,False,False,PkYA6rWpE-Hhg7BSA4I7MKzteL85yjkGMVhW_IFG8_ftxQCEKeCyLKFxPoNeP2H2YmbtNc8UxWVdOQ
61279367-76f2-34fe-aa72-386a19a90053,RANKED_SOLO_5x5,CHALLENGER,I,NMWkWM0LUoqI2iLZbupD_w9-l0X0nAbrgLQeMcBMSdcgRYw,mubarak KABOOM,1014,77,38,False,False,False,False,3Ri0T4RgSXiJHJJwHGsHtd8gHHO_j6twhWWGBw_ZFrHYs1Kd_Rd_XlOmzFa7LK45GBXQZZSIptScFw
61279367-76f2-34fe-aa72-386a19a90053,RANKED_SOLO_5x5,CHALLENGER,I,N2CB-zNfIbx6ZXKNeYoz_jTLFWkcyGAlgUzeDQ7HLKDAtHfGVvtMNHSAAA,rare smile,1013,193,154,False,False,False,True,n98-E_anKdejsy5r2UBMkHY1KGH5tRtnsaUrpsjWqIUfS5rbtzVSaJtK2C7OE9tKuBb2L2657SZ1qA
61279367-76f2-34fe-aa72-386a19a90053,RANKED_SOLO_5x5,CHALLENGER,I,MUDl9DS9GUFwNxHQOwHTZWQdigJ9_q3sd1hzKWT0C3zEdao,Melancolica,1012,209,177,False,False,False,False,k7eexIUlf4ndN2dXJkzrskVLYjfDzDNyLP6HF8dwtPGBYfQfoywL4hyGNuFgP-wpz9Vam6oDnZ2XAA
61279367-76f2-34fe-aa72-386a19a90053,RANKED_SOLO_5x5,CHALLENGER,I,yh9il-lTNnH5DgiGtUutGGFz-Bu9iPeP5RjNMW8KtiQ0iQ,batman vermelho,1012,105,77,False,False,False,False,lJfPhe9oW0kwMWrqeEULMoCmEweX6HtalqDEaKCvszbQvrpddw6gsaR4vPM_apoY97-ObeJgSgodCw
61279367-76f2-34fe-aa72-386a19a90053,RANKED_SOLO_5x5,CHALLENGER,I,dsD_o3uY8fyrCHw113kvfbYAhfwt0lEZ_5gcz44HtHMBuBA,curse 4real,1010,110,85,False,False,True,False,88PY37FYeQqizQm1VqDpLtk7hoD0-59FS4W2ikpz3Qv4YF0VAIXxHPNR5YIjzoX5wD7dAx2NPaL5fw
61279367-76f2-34fe-aa72-386a19a90053,RANKED_SOLO_5x5,CHALLENGER,I,G5N7NMtRX2wdz1_IlWcXat7nCLmRB60LXUfrIVo2eVmK7ss,Niaeroula,1009,168,137,False,False,False,True,ApBHBY6DKH9NYlog-y8oHSNss-yHthodwAXdvCkdq1T5kykA19Sohyl07U-4dgZNA-OkYWWLL0e3dw
61279367-76f2-34fe-aa72-386a19a90053,RANKED_SOLO_5x5,CHALLENGER,I,JlmEYtJoEVwjjpx5LKvOVIftNbZ-d7ufeN6u8ii3Sc0yt8k,neuralplasticity,1008,152,122,False,False,True,True,R6e__5ZcFrDlMPMcJoAXULThVnm1wvQwQL6505--3rs0iXhh3t7XXEXWuq2XnHeDybr5bg8nP9etiQ
61279367-76f2-34fe-aa72-386a19a90053,RANKED_SOLO_5x5,CHALLENGER,I,WOON5GLipZCphs6ZkdJZ6j0iDSrh42eHkgguP0TtV1kM5SUIgzUGDr1IdQ,Dear Theo,1007,106,81,False,False,False,False,4ItiYp108TppxioVx1d6tOmzeD3y_2WUnpBsUTHG0ekij8asdg3E8vWKAd_8j3loysf27MXoascTvQ
61279367-76f2-34fe-aa72-386a19a90053,RANKED_SOLO_5x5,CHALLENGER,I,_rvbdQCvm07ZCZ3OikKd4p2PsrrOelA3SJZM0VdaoWtYKkJkNeeNyYcr1g,Lyaide,1006,345,307,False,False,True,True,Fmt1m2sRBYa1v3498nmPDE8bS5xQZjT_BycdXAMt8C2HsTOvCJXjORm51lQZ38HOf9yI7FOZBeVYDA
61279367-76f2-34fe-aa72-386a19a90053,RANKED_SOLO_5x5,CHALLENGER,I,IMBazIWnG1NzybVwyWY_dQA8-QWTqsgV2M7R_eUUS1CLwA,É O CECEU,1005,181,109,False,False,True,True,JeNbss2D7bnsTXdezVQhgQxg-8fxV7O0WJNHmX7r2h9qYc2uWQliJFyZy1Tbaysr71yud0HWJNwWfw
61279367-76f2-34fe-aa72-386a19a90053,RANKED_SOLO_5x5,CHALLENGER,I,pqKXu2MWbHmIjmLrQ2X6WD6y8tB0wYYI-IzQ6_3hv6Qv_uqinFmv7IAu8g,BEENI3,1003,221,192,False,False,True,False,AZMAbLBX7oORAa3XOAkM1JvzkrJSvwzlKgeSGzqDsmFD0fLO9tpL2Eevn_HD8JFRTEfwPccCwoGOKQ
61279367-76f2-34fe-aa72-386a19a90053,RANKED_SOLO_5x5,CHALLENGER,I,jPHMzUTSIBWc4uJqUFJMOtlXPMGd7k1ycUFGD9Fnyw3-Zco,RIV kshhh,1003,179,139,False,False,True,False,12o5IqSJKalv_BXfvqgsmEWB1uSzuTBBL7gXDvJuDbq8ID00CoOyXndzWp4IxAQyo3zB2GZl7f9YnA
61279367-76f2-34fe-aa72-386a19a90053,RANKED_SOLO_5x5,CHALLENGER,I,3l-4NutUx5F4KA50MUSdDp65dXKVDVNl9vl1HRQv2BunPvNdBAMqtjRmeg,gymlolsleep,997,355,321,True,False,False,False,a7BEmA9_wvfLF32F_i6moxXdOlUX3boZdGcpjQx4QQxpqGywC6bDjEsNzeOulAqKQEWx2V2llu5IFg
61279367-76f2-34fe-aa72-386a19a90053,RANKED_SOLO_5x5,CHALLENGER,I,_qdf46AM2S3Owg1FsDbhOYcbZnRnz3WbYb_l5vXqDCLPJYw,valkyrus,987,71,33,False,False,True,False,mGOwWtwk-r1CJcrQ6bwa_GIA0PydUjFAjeyX5B40jl0NvOfvfWiECzI7rxOfMMbE7B8F89R2hVlqQA
61279367-76f2-34fe-aa72-386a19a90053,RANKED_SOLO_5x5,CHALLENGER,I,SgOLjGJzputJuQJ0hZJF_QNIobQPDOP_FMRQ_ZtQkGn8Vw,NF HAPPY,984,293,266,False,False,True,False,kqrV44efLyFFL7XZi3AOMLGT5yS0b8FoYswy_BN0v28C6JzFmmIOVeOSMTMRLROLfdMrwtebGTIH0g
61279367-76f2-34fe-aa72-386a19a90053,RANKED_SOLO_5x5,CHALLENGER,I,klB5fPIKmNwQfKLdmrNEh9I2Sgng6QyU3_3_5fr8CO6Epw5LNy35x09Sdw,Meito,982,236,194,False,False,True,False,fN9VuiJbrCLq_AQrlc8Q_FSk-If1P1KMxvRtigNanqlaibQLM24-85MUtG6IcvToCZwYsuQTDmSOzQ
61279367-76f2-34fe-aa72-386a19a90053,RANKED_SOLO_5x5,CHALLENGER,I,ItMcstpgOlsks9-JBIKNJamCafMMLuU2m1kW98Tv9oZpyY0,VAI PORCO,980,96,61,False,False,True,False,cIJn3l_4NJrMztule1cRZG-QAzR9A9yJrJMmvmnAbHPiTjI55Djj2sJQa75zB1BBHdqdQZ83o2QrAw
61279367-76f2-34fe-aa72-386a19a90053,RANKED_SOLO_5x5,CHALLENGER,I,5Hwq5zJt_JUfV2DPKgOZFCENNEaGtNzkjIIQiWehOniP,Shoiti,978,196,174,False,False,True,False,FB-YFeIoMSclKjwTyqHI-u6XThkDh53RAEghO-vZJWKboe5QNF1h5CjR12Y95IVrtTMxVOsxMFVpAA
61279367-76f2-34fe-aa72-386a19a90053,RANKED_SOLO_5x5,CHALLENGER,I,0ilEQbRkc39IKwzz-ndatHe8_IQgzIhPpTfhbpsPIys1gA,LSADSDD,969,574,549,False,False,True,False,iUbXvWFcg3khoXO85YGJ-nNCJlkPeBTACGdruphPBk5lf3KrvWDlF9gGqboARZddg7KxjSX8voibKw
61279367-76f2-34fe-aa72-386a19a90053,RANKED_SOLO_5x5,CHALLENGER,I,kb8WmotjjxNrAHyjUxXhBfQUcYWF5wypIxz_b0Wo6hC4cg,Ezrealíty,961,138,106,False,False,False,False,P8aV1d3ySips2_5fX-9HEMRg3ot6n3avh4En-Rhbwcwu15bn2DRM2ALjVfYx5u6_PbYl8VgperLUYw
61279367-76f2-34fe-aa72-386a19a90053,RANKED_SOLO_5x5,CHALLENGER,I,bcl4knEVu7d165JveXVcr0JAgHlIad5PtXNLA-IvVmr7Uw,Klaus,946,169,149,False,False,True,False,YFyuLjRNhgGvT8ZeMq9TWw3KY30tkh1AiBCqTKJHcYg829uC6DQbOqKeHCRSo9Scp4PLjJ56j1WxAw
61279367-76f2-34fe-aa72-386a19a90053,RANKED_SOLO_5x5,CHALLENGER,I,7Inq4pe6O8uysCJhTq4tWeZtd-rxxMJkap7Q1_XHbPfdxw,KTCHORO O WUKONG,930,119,90,True,False,False,False,clVF_4zjA3nbnyO5zATIeOkNGF241AQ8MQKCeY5C_6OoVZIyC2fDJ_wlaoGyL9jiuBeQ0tqdIZYVJg
61279367-76f2-34fe-aa72-386a19a90053,RANKED_SOLO_5x5,CHALLENGER,I,VAPiHxsHG6DI5H0sGOGFyaaJ4DJpWszrvYi7-uIAZmWtzKI,GraftonFarmhouse,915,365,333,False,False,True,False,U5doxz8pyyoGBxj-8wXRkClo5HyD5384weL94mOjTw464ylcZDDaKUMFfcfms-Gc8nhjaSMeHLpvfA
